INSERT INTO Cities (Name, Longitude, Latitude, GeoLocation) VALUES 
                   ('Split', 16.4435, 43.5147, '(16.4435, 43.5147)'),
                   ('Zagreb', 15.9779, 45.8150, '(15.9779, 45.8150)'),
                   ('Osijek', 18.6939, 45.5549, '(18.6939, 45.5549)'),
                   ('Dubrovnik', 18.0922, 42.6507, '(18.0922, 42.6507)'),
                   ('Vienna', 16.3738, 48.2082, '(16.3738, 48.2082)'),
                   ('London', -0.1278, 51.5074, '(-0.1278, 51.5074)'),
                   ('Paris', 2.3522, 48.8566, '(2.3522, 48.8566)'),
                   ('Berlin', 13.4050, 52.5200, '(13.4050, 52.5200)'),
                   ('Rome', 12.4964, 41.9028, '(12.4964, 41.9028)'),
                   ('Madrid', -3.7038, 40.4168, '(-3.7038, 40.4168)'),
                   ('Athens', 23.7275, 37.9838, '(23.7275, 37.9838)'),
                   ('Moscow', 37.6173, 55.7558, '(37.6173, 55.7558)'),
                   ('New York', -74.0060, 40.7128, '(-74.0060, 40.7128)'),
                   ('Tokyo', 139.6503, 35.6762, '(139.6503, 35.6762)'),
                   ('Beijing', 116.4074, 39.9042, '(116.4074, 39.9042)'),
                   ('Sydney', 151.2093, -33.8688, '(151.2093, -33.8688)'),
                   ('Cairo', 31.2357, 30.0444, '(31.2357, 30.0444)'),
                   ('Cape Town', 18.4241, -33.9249, '(18.4241, -33.9249)'),
                   ('Rio de Janeiro', -43.1729, -22.9068, '(-43.1729, -22.9068)'),
                   ('Buenos Aires', -58.3816, -34.6037, '(-58.3816, -34.6037)'),
                   ('Mexico City', -99.1332, 19.4326, '(-99.1332, 19.4326)'),
                   ('Toronto', -79.3832, 43.6532, '(-79.3832, 43.6532)'),
                   ('Los Angeles', -118.2437, 34.0522, '(-118.2437, 34.0522)'),
                   ('San Francisco', -122.4194, 37.7749, '(-122.4194, 37.7749)'),
                   ('Chicago', -87.6298, 41.8781, '(-87.6298, 41.8781)'),
                   ('Miami', -80.1918, 25.7617, '(-80.1918, 25.7617)'),
                   ('Las Vegas', -115.1398, 36.1699, '(-115.1398, 36.1699)'),
                   ('Dubai', 55.2708, 25.2048, '(55.2708, 25.2048)'),
                   ('Singapore', 103.8198, 1.3521, '(103.8198, 1.3521)'),
                   ('Hong Kong', 114.1095, 22.3964, '(114.1095, 22.3964)'),
                   ('Shanghai', 121.4737, 31.2304, '(121.4737, 31.2304)'),
                   ('Bangkok', 100.5018, 13.7563, '(100.5018, 13.7563)'),
                   ('Mumbai', 72.8777, 19.0760, '(72.8777, 19.0760)'),
                   ('Delhi', 77.1025, 28.7041, '(77.1025, 28.7041)'),
                   ('Kolkata', 88.3639, 22.5726, '(88.3639, 22.5726)'),
                   ('Bengaluru', 77.5946, 12.9716, '(77.5946, 12.9716)'),
                   ('Chennai', 80.2707, 13.0827, '(80.2707, 13.0827)'),
                   ('Kuala Lumpur', 101.6869, 3.1390, '(101.6869, 3.1390)');

INSERT INTO Airports (Name, MaxRunwayCapacity, MaxWarehouseCapacity, CityID) VALUES 
                     ('Split', 10, 20, 1),
                     ('Zagreb', 20, 40, 2),
                     ('Osijek', 5, 10, 3),
                     ('Dubrovnik', 10, 20, 4),
                     ('Vienna', 20, 40, 5),
                     ('London', 20, 40, 6),
                     ('Paris', 20, 40, 7),
                     ('Berlin', 20, 40, 8),
                     ('Rome', 20, 40, 9),
                     ('Madrid', 20, 40, 10),
                     ('Athens', 20, 40, 11),
                     ('Moscow', 20, 40, 12),
                     ('New York', 20, 40, 13),
                     ('Tokyo', 20, 40, 14),
                     ('Beijing', 20, 40, 15),
                     ('Sydney', 20, 40, 16),
                     ('Cairo', 20, 40, 17),
                     ('Cape Town', 20, 40, 18),
                     ('Rio de Janeiro', 20, 40, 19),
                     ('Buenos Aires', 20, 40, 20),
                     ('Mexico City', 20, 40, 21),
                     ('Toronto', 20, 40, 22),
                     ('Los Angeles', 20, 40, 23),
                     ('San Francisco', 20, 40, 24),
                     ('Chicago', 20, 40, 25),
                     ('Miami', 20, 40, 26),
                     ('Las Vegas', 20, 40, 27),
                     ('Dubai', 20, 40, 28),
                     ('Singapore', 20, 40, 29),
                     ('Hong Kong', 20, 40, 30),
                     ('Shanghai', 20, 40, 31),
                     ('Bangkok', 20, 40, 32),
                     ('Mumbai', 20, 40, 33),
                     ('Delhi', 20, 40, 34),
                     ('Kolkata', 20, 40, 35),
                     ('Bengaluru', 20, 40, 36),
                     ('Chennai', 20, 40, 37),
                     ('Kuala Lumpur', 20, 40, 38);

INSERT INTO Planes (Model, Name, WorkingStatus, LocationStatus, MaxPassangerCapacity, AirportID) VALUES 
                   ('747', 'Boeing', 'Active', 'Runway', 400, 1),
                   ('A380', 'Airbus', 'Active', 'Air', 500, 2),
                   ('A320', 'Airbus', 'Active', 'Air', 200, 3),
                   ('737', 'Boeing', 'Active', 'Air', 300, 4),
                   ('A330', 'Airbus', 'Active', 'Air', 300, 5),
                   ('A350', 'Airbus', 'Active', 'Air', 400, 6),
                   ('A340', 'Airbus', 'Active', 'Air', 400, 7),
                   ('A310', 'Airbus', 'Active', 'Air', 200, 8),
                   ('A300', 'Airbus', 'Active', 'Runway', 200, 9),
                   ('A220', 'Airbus', 'Active', 'Runway', 100, 10),
                   ('A321', 'Airbus', 'Active', 'Air', 200, 11),
                   ('A319', 'Airbus', 'Active', 'Air', 100, 12),
                   ('A318', 'Airbus', 'Active', 'Air', 100, 13),
                   ('A330', 'Airbus', 'Active', 'Air', 300, 14),
                   ('A350', 'Airbus', 'Active', 'Air', 400, 15),
                   ('A340', 'Airbus', 'Active', 'Air', 400, 16),
                   ('A310', 'Airbus', 'Active', 'Runway', 200, 17),
                   ('A300', 'Airbus', 'Under Repair', 'Warehouse', 200, 18),
                   ('A220', 'Airbus', 'Under Repair', 'Warehouse', 100, 19),
                   ('A321', 'Airbus', 'Under Repair', 'Warehouse', 200, 20),
                   ('A319', 'Airbus', 'Under Repair', 'Warehouse', 100, 21),
                   ('A318', 'Airbus', 'Under Repair', 'Warehouse', 100, 22),
                   ('A330', 'Airbus', 'Under Repair', 'Warehouse', 300, 23),
                   ('A350', 'Airbus', 'Under Repair', 'Warehouse', 400, 24),
                   ('A340', 'Airbus', 'Under Repair', 'Warehouse', 400, 25),
                   ('A310', 'Airbus', 'Under Repair', 'Warehouse', 200, 26),
                   ('A300', 'Airbus', 'Under Repair', 'Warehouse', 200, 27),
                   ('A220', 'Airbus', 'Under Repair', 'Warehouse', 100, 28),
                     ('A321', 'Airbus', 'Under Repair', 'Warehouse', 200, 29),
                     ('A319', 'Airbus', 'Under Repair', 'Warehouse', 100, 30),
                     ('A318', 'Airbus', 'Under Repair', 'Warehouse', 100, 31),
                     ('A330', 'Airbus', 'Under Repair', 'Warehouse', 300, 32),
                     ('A350', 'Airbus', 'Under Repair', 'Warehouse', 400, 33),
                     ('A340', 'Airbus', 'Under Repair', 'Warehouse', 400, 34),
                     ('A310', 'Airbus', 'Under Repair', 'Warehouse', 200, 35),
                     ('A300', 'Airbus', 'Under Repair', 'Warehouse', 200, 36),
                     ('A220', 'Airbus', 'Under Repair', 'Warehouse', 100, 37),
                     ('A321', 'Airbus', 'Under Repair', 'Warehouse', 200, 38),
           
INSERT INTO Flights (FlightCapacity, DepartureDate, FinalDestination, PlaneID) VALUES 
                    (800, '2022-12-31', 'Split', 2);
INSERT INTO Users (UserID, FirstName, LastName, LoyaltyCardExpiryDate) VALUES (1, 'FirstName', 'LastName', '2023-12-31');
INSERT INTO Tickets (FlightNumber, SeatClass, SeatNumber, TicketPrice, PurchaseDate, UserID, FlightID) VALUES ('FL123', 'A', 1, 100.0, '2022-12-31', 1, 1);
INSERT INTO FlightPersonnel (FirstName, LastName, Role, Age, Gender, FlightID) VALUES ('FirstName', 'LastName', 'Pilot', 30, 'Male', 1);
INSERT INTO Reviews (CommentText, Rating, UserID) VALUES ('Great flight!', 5, 1);